ID,item_cnt_day
1019,1.0
2098,1.0
2949,1.0
3419,1.0
3473,1.0
3513,1.0
6302,1.0
6553,1.0
10322,1.0
10451,2.0
10529,1.0
11264,1.0
11649,1.0
13208,1.0
13747,1.0
14135,1.0
15049,1.0
15399,1.0
16738,1.0
18811,1.0
19409,1.0
20644,1.0
20758,1.0
23639,1.0
26327,1.0
28407,1.0
29773,1.0
30105,1.0
30595,1.0
33543,1.0
35171,1.0
37498,1.0
38428,1.0
41596,1.0
44040,1.0
44119,2.0
44266,1.0
44697,1.0
45451,1.0
45628,2.0
47488,1.0
54022,1.0
54248,4.0
54799,1.0
57001,1.0
57594,1.0
58121,1.0
59447,1.0
61463,1.0
61546,1.0
61745,1.0
62019,1.0
64478,1.0
68828,1.0
69019,1.0
69468,1.0
72940,1.0
73560,1.0
73740,1.0
74764,2.0
80177,1.0
80447,1.0
82321,1.0
82919,1.0
84988,1.0
86411,1.0
89005,1.0
91350,1.0
92373,1.0
93080,4.0
93308,1.0
93846,1.0
95628,1.0
97236,1.0
98070,1.0
102269,5.0
102653,1.0
103747,1.0
106241,1.0
106854,1.0
110641,1.0
111069,1.0
112098,1.0
113629,4.0
114311,1.0
115839,1.0
116689,1.0
117214,2.0
118825,1.0
118957,1.0
120862,1.0
122688,1.0
124502,1.0
125996,1.0
126577,1.0
126856,1.0
128536,1.0
128576,1.0
129237,1.0
130666,18.0
134432,1.0
134984,1.0
136640,1.0
138317,1.0
138593,1.0
145748,1.0
147683,1.0
148320,2.0
150367,1.0
150998,1.0
151005,1.0
151043,1.0
153201,1.0
153734,2.0
154975,1.0
155004,1.0
156743,1.0
156929,1.0
157669,1.0
161334,1.0
162444,1.0
163798,1.0
163916,1.0
164303,1.0
164306,1.0
165204,1.0
166366,1.0
170091,1.0
170092,1.0
170993,1.0
171868,1.0
175553,1.0
177058,1.0
177992,1.0
178310,1.0
180132,1.0
180238,1.0
184037,1.0
184618,9.0
185838,1.0
186328,1.0
186437,1.0
186549,1.0
187024,1.0
187301,1.0
188064,1.0
188081,1.0
188885,1.0
189075,1.0
189586,-1.0
196217,1.0
196539,1.0
197580,1.0
197607,1.0
199761,1.0
202291,1.0
204350,1.0
206846,1.0
207149,1.0
208151,4.0
209853,1.0
210219,1.0
210598,1.0
210874,1.0
210978,1.0
213689,1.0
214228,1.0
216576,1.0
216632,1.0
218662,1.0
219126,1.0
219744,1.0
222521,1.0
225057,1.0
225599,1.0
226385,1.0
228012,1.0
228203,1.0
228339,1.0
234352,1.0
235202,1.0
236312,1.0
236887,1.0
236956,1.0
237125,1.0
238498,1.0
238895,1.0
239156,1.0
241830,1.0
241909,1.0
242607,1.0
243173,1.0
243496,1.0
244576,1.0
246216,1.0
246555,1.0
248088,1.0
248648,1.0
248859,1.0
249001,1.0
249895,1.0
249999,1.0
251184,1.0
251728,1.0
251958,1.0
252707,1.0
255644,1.0
257241,1.0
257648,1.0
260265,1.0
261218,1.0
262374,1.0
262890,1.0
264307,1.0
265400,1.0
265592,1.0
266293,1.0
266538,1.0
268282,1.0
268436,1.0
269565,1.0
270359,1.0
272211,1.0
272617,1.0
276220,1.0
276912,1.0
278116,1.0
278738,1.0
281647,1.0
285785,1.0
286392,2.0
286916,1.0
287167,1.0
291960,1.0
293504,1.0
294216,1.0
294833,1.0
298316,1.0
298520,1.0
301082,1.0
301594,1.0
303200,2.0
303247,1.0
307818,1.0
307905,1.0
308021,2.0
308034,1.0
308397,1.0
308733,1.0
309536,1.0
313948,1.0
315615,1.0
317079,2.0
317670,1.0
321217,1.0
321572,1.0
323586,1.0
324831,1.0
324987,1.0
325297,1.0
328450,1.0
329742,1.0
329819,1.0
330719,1.0
331883,2.0
334924,1.0
336417,2.0
337477,1.0
338256,1.0
338656,1.0
340723,1.0
341281,1.0
341336,1.0
342683,1.0
343611,1.0
344531,1.0
345482,1.0
345619,1.0
346217,1.0
347549,1.0
347611,1.0
348148,1.0
348333,1.0
352616,1.0
353190,1.0
353805,1.0
353955,1.0
354865,1.0
356171,1.0
356753,1.0
358731,1.0
359318,1.0
360109,1.0
360225,1.0
361904,1.0
365650,6.0
366347,1.0
369995,1.0
370516,1.0
370761,1.0
371135,2.0
373750,1.0
375045,1.0
376097,2.0
379171,1.0
379779,1.0
380311,1.0
383864,1.0
385427,1.0
386695,1.0
386977,1.0
389120,3.0
393339,2.0
394329,1.0
398804,1.0
399463,1.0
403269,1.0
403449,2.0
404160,1.0
405543,2.0
407601,1.0
410137,2.0
410931,1.0
411468,1.0
411796,1.0
412021,1.0
414093,1.0
416066,1.0
416247,3.0
417953,1.0
418851,1.0
419803,2.0
422071,1.0
422671,1.0
423449,1.0
426448,1.0
427370,1.0
427710,1.0
428364,1.0
430157,1.0
430583,1.0
432113,1.0
432581,1.0
432868,1.0
435110,1.0
437302,1.0
439292,1.0
440123,1.0
442166,1.0
443064,1.0
443302,1.0
444304,1.0
448069,1.0
458438,1.0
458982,1.0
462898,1.0
464720,4.0
467360,1.0
468373,1.0
469111,1.0
469869,1.0
470452,1.0
470507,1.0
470988,1.0
471755,1.0
474374,1.0
474956,1.0
475305,1.0
476579,1.0
477291,2.0
481274,1.0
482837,1.0
482934,1.0
484119,1.0
484214,1.0
484740,1.0
484857,1.0
485515,1.0
490262,2.0
490644,1.0
491401,1.0
492003,1.0
492197,1.0
493465,1.0
493551,1.0
496164,1.0
497850,1.0
498498,1.0
503563,1.0
504006,1.0
507210,1.0
509187,2.0
510544,1.0
511716,1.0
514481,2.0
515870,1.0
519918,1.0
520986,1.0
524000,1.0
526521,1.0
527956,1.0
528652,1.0
528711,1.0
534609,1.0
535801,1.0
535991,1.0
536013,1.0
538619,1.0
540412,1.0
540533,1.0
540588,1.0
542057,1.0
542149,3.0
544061,1.0
545641,1.0
546483,1.0
546664,1.0
547115,1.0
547246,1.0
548183,1.0
548872,1.0
548978,1.0
549211,1.0
550164,1.0
552321,1.0
552419,1.0
552518,1.0
554834,1.0
556955,1.0
557056,1.0
557160,1.0
557649,1.0
558455,1.0
560453,1.0
562152,1.0
562463,1.0
563839,1.0
564009,1.0
565175,1.0
565311,1.0
565318,1.0
568721,1.0
569397,1.0
571777,3.0
573836,1.0
575805,1.0
575832,1.0
577897,1.0
578643,1.0
580709,1.0
581872,1.0
582201,1.0
583103,2.0
584591,1.0
585239,1.0
585370,1.0
590971,1.0
594105,1.0
594174,1.0
597123,1.0
598619,1.0
601494,1.0
602325,1.0
602402,1.0
602897,1.0
603041,1.0
603197,1.0
603738,1.0
604206,2.0
607029,1.0
608717,1.0
611045,1.0
611901,1.0
613329,1.0
613782,1.0
614206,3.0
616185,1.0
616452,1.0
620573,1.0
622217,1.0
624822,1.0
625475,1.0
625769,1.0
626373,1.0
628718,1.0
630809,1.0
631754,1.0
631827,1.0
632529,1.0
632642,2.0
632761,1.0
634037,1.0
634296,1.0
634488,1.0
634989,1.0
635421,1.0
637298,3.0
638578,1.0
640889,1.0
641869,1.0
642163,1.0
642277,1.0
643470,2.0
644715,1.0
645237,1.0
646041,1.0
646223,1.0
647643,1.0
647806,1.0
648014,1.0
648561,1.0
649947,1.0
651048,1.0
651620,1.0
651915,2.0
652574,1.0
653787,1.0
654679,1.0
655073,1.0
655470,1.0
656255,2.0
656397,1.0
657186,1.0
658416,1.0
658906,1.0
659542,1.0
659826,2.0
660616,1.0
661972,1.0
663214,1.0
663694,1.0
664951,1.0
665518,1.0
666063,2.0
668813,1.0
671913,1.0
673094,1.0
674433,1.0
676044,1.0
676561,1.0
678713,1.0
679195,1.0
681905,1.0
687437,1.0
688605,1.0
688672,1.0
689922,4.0
690437,1.0
691381,1.0
691632,1.0
695454,1.0
698026,1.0
699047,2.0
701359,1.0
701469,3.0
701582,1.0
705719,3.0
706118,1.0
706389,1.0
707349,1.0
707437,1.0
707851,1.0
707930,1.0
708818,1.0
708836,1.0
709235,1.0
709910,1.0
711608,1.0
712157,1.0
712691,1.0
712990,1.0
713466,1.0
713467,1.0
714615,1.0
714648,1.0
715776,1.0
716329,1.0
716956,1.0
717611,1.0
718452,1.0
720944,1.0
722461,1.0
722528,1.0
723682,1.0
723782,1.0
725084,2.0
726252,1.0
727092,1.0
727823,1.0
728215,1.0
728986,1.0
729677,1.0
729900,1.0
729958,1.0
731611,1.0
732678,1.0
736383,1.0
736508,2.0
736726,1.0
738309,1.0
740018,1.0
742019,1.0
742179,1.0
743528,1.0
743672,1.0
743978,1.0
750840,1.0
752613,1.0
752689,2.0
753308,1.0
753522,1.0
755833,1.0
762012,1.0
764518,1.0
765641,1.0
766757,1.0
766779,1.0
768750,1.0
770770,1.0
771814,1.0
773857,1.0
777026,1.0
778044,1.0
778430,1.0
778958,1.0
779343,1.0
779967,1.0
781318,1.0
781939,1.0
782896,1.0
786088,1.0
786142,2.0
788247,1.0
795039,1.0
797065,1.0
798642,1.0
798852,1.0
802904,1.0
805056,1.0
805368,1.0
805751,1.0
805896,1.0
810730,1.0
810831,1.0
813412,1.0
813662,2.0
814139,1.0
814289,1.0
814461,1.0
814626,1.0
816075,1.0
817357,2.0
817410,1.0
818383,1.0
818529,1.0
819084,3.0
819576,1.0
821136,2.0
821187,1.0
822057,1.0
824122,1.0
824598,1.0
826844,1.0
826865,1.0
827370,1.0
827483,1.0
829113,1.0
829541,1.0
830301,1.0
831929,1.0
834146,1.0
835020,2.0
836348,1.0
836541,1.0
838223,1.0
839292,1.0
840956,1.0
842859,1.0
845210,1.0
848611,1.0
851212,1.0
853748,1.0
854022,1.0
854155,1.0
855306,1.0
856858,1.0
861638,3.0
862339,1.0
863649,3.0
864361,1.0
864770,1.0
866261,1.0
867530,1.0
868823,1.0
869502,1.0
872906,1.0
873334,1.0
875618,1.0
876418,1.0
876524,1.0
876864,1.0
878374,1.0
880287,1.0
880923,1.0
882112,1.0
882477,4.0
883827,1.0
885142,1.0
885250,1.0
889144,1.0
891305,1.0
892103,1.0
892724,1.0
897465,1.0
897685,1.0
898302,1.0
898838,1.0
898935,1.0
901418,1.0
903912,1.0
904747,1.0
905999,1.0
906257,1.0
907828,1.0
909069,1.0
909117,1.0
910141,1.0
910183,1.0
911525,1.0
911550,1.0
912359,1.0
916689,1.0
916735,1.0
918012,1.0
918216,1.0
921778,1.0
925556,1.0
925596,1.0
926394,1.0
927650,1.0
928720,1.0
928760,1.0
929194,1.0
930156,1.0
932724,1.0
933477,1.0
933868,2.0
934126,2.0
934442,3.0
934487,1.0
936810,1.0
936919,15.0
941005,1.0
941065,1.0
943877,1.0
945496,1.0
945821,1.0
946968,1.0
947611,1.0
949912,2.0
955052,1.0
956044,1.0
959076,1.0
959559,1.0
960245,2.0
960319,1.0
960827,1.0
961207,1.0
962375,1.0
963861,1.0
964525,1.0
964682,1.0
968212,1.0
968988,1.0
970395,1.0
970439,1.0
971600,1.0
972105,1.0
978291,1.0
978339,1.0
979339,1.0
981104,1.0
981507,1.0
981895,3.0
982134,1.0
983616,1.0
986852,1.0
989692,2.0
990561,1.0
990960,1.0
990961,1.0
991537,1.0
992234,1.0
993242,1.0
995894,1.0
996056,2.0
996316,1.0
996558,1.0
996874,2.0
999519,1.0
1002036,1.0
1002498,1.0
1003632,1.0
1005235,1.0
1006672,1.0
1006770,1.0
1006896,1.0
1008545,2.0
1008617,2.0
1009042,1.0
1009175,1.0
1011711,1.0
1011914,1.0
1013809,1.0
1014153,1.0
1014436,1.0
1015169,1.0
1016906,1.0
1018089,1.0
1018415,1.0
1020854,1.0
1025437,1.0
1028991,1.0
1034404,1.0
1040821,1.0
1041623,1.0
1042524,1.0
1043883,1.0
1044792,5.0
1047461,1.0
1049335,1.0
1049373,1.0
1049424,1.0
1051112,1.0
1052080,1.0
1053852,1.0
1054686,1.0
1054737,1.0
1056315,1.0
1057418,1.0
1059576,1.0
1060991,1.0
1061706,1.0
1061902,1.0
1062207,1.0
1066277,1.0
1066279,1.0
1067378,1.0
1068447,1.0
1069891,1.0
1073197,1.0
1074410,1.0
1078258,1.0
1078554,1.0
1078765,2.0
1079755,1.0
1080077,1.0
1081937,1.0
1082284,1.0
1082316,1.0
1083327,1.0
1084185,1.0
1085720,3.0
1086309,1.0
1086540,1.0
1087477,2.0
1089283,1.0
1090307,1.0
1090397,1.0
1090604,1.0
1091153,1.0
1091183,1.0
1094707,1.0
1095943,1.0
1098148,1.0
1100431,1.0
1102339,1.0
1103826,2.0
1104030,1.0
1104534,1.0
1105522,1.0
1106531,1.0
1107552,1.0
1107699,3.0
1107990,1.0
1108975,1.0
1110774,1.0
1112136,3.0
1112462,1.0
1117014,1.0
1118054,1.0
1118435,1.0
1120430,1.0
1121691,1.0
1121917,1.0
1122063,1.0
1122914,1.0
1123764,1.0
1124224,1.0
1126063,1.0
1126585,1.0
1126613,2.0
1128612,1.0
1129917,1.0
1132747,1.0
1133278,1.0
1136896,1.0
1137412,1.0
1142679,1.0
1144031,1.0
1146116,1.0
1147688,1.0
1149825,1.0
1151740,1.0
1152551,1.0
1152925,4.0
1153350,1.0
1154856,1.0
1156992,1.0
1157808,2.0
1158376,1.0
1158991,1.0
1160873,1.0
1161674,1.0
1164667,2.0
1168819,1.0
1171250,1.0
1173123,1.0
1176356,1.0
1177513,1.0
1178870,1.0
1179230,1.0
1179532,1.0
1180270,1.0
1181046,1.0
1181847,1.0
1181902,1.0
1183976,1.0
1185094,1.0
1185104,1.0
1185184,1.0
1185761,1.0
1188458,1.0
1188479,1.0
1190443,1.0
1191036,1.0
1191541,1.0
1192311,1.0
1194894,1.0
1195388,1.0
1195544,1.0
1196501,2.0
1198390,1.0
1199829,1.0
1201316,1.0
1202393,1.0
1203191,1.0
1206688,1.0
1209236,1.0
1209429,1.0
1210928,1.0
1211125,1.0
1212568,1.0
1212675,1.0
1213586,1.0
1214221,1.0
1214441,1.0
1216166,1.0
1216629,1.0
1217687,1.0
1217788,1.0
1218288,1.0
1218747,1.0
1220250,1.0
1221232,1.0
1221746,1.0
1223606,1.0
1223866,1.0
1225351,1.0
1226489,1.0
1226891,2.0
1228286,1.0
1228709,1.0
1228848,1.0
1228849,1.0
1229219,1.0
1229959,1.0
1231071,1.0
1232350,1.0
1233869,1.0
1234240,1.0
1235307,2.0
1240644,1.0
1243228,1.0
1245888,1.0
1246160,1.0
1246812,1.0
1251374,1.0
1251773,2.0
1256023,1.0
1257762,1.0
1257912,1.0
1258087,1.0
1258401,1.0
1261895,1.0
1263140,1.0
1266005,1.0
1268049,1.0
1268382,3.0
1269117,1.0
1270206,1.0
1270612,1.0
1271269,1.0
1272825,1.0
1274751,1.0
1274903,1.0
1277992,1.0
1278772,1.0
1279189,1.0
1280107,1.0
1280130,2.0
1280475,1.0
1282700,1.0
1286372,2.0
1288311,1.0
1289475,1.0
1290483,1.0
1291573,1.0
1291583,1.0
1292483,1.0
1294120,1.0
1294432,1.0
1295444,1.0
1296928,1.0
1297082,1.0
1297681,1.0
1298785,1.0
1301103,2.0
1301582,1.0
1303220,4.0
1303681,1.0
1305187,1.0
1305855,1.0
1308492,1.0
1309852,1.0
1310264,1.0
1310345,1.0
1312369,1.0
1312683,1.0
1316065,1.0
1316429,1.0
1316644,3.0
1318623,1.0
1319340,1.0
1319470,1.0
1322474,1.0
1323392,1.0
1324123,1.0
1330200,1.0
1335963,1.0
1336921,1.0
1338795,1.0
1339207,1.0
1341021,1.0
1341539,1.0
1342738,1.0
1343126,1.0
1345256,1.0
1347175,1.0
1347728,1.0
1348738,1.0
1350327,1.0
1351113,1.0
1353377,1.0
1354673,1.0
1357444,1.0
1357479,1.0
1358007,1.0
1359135,1.0
1360335,1.0
1361485,1.0
1363830,1.0
1368413,1.0
1370282,1.0
1371902,1.0
1373985,1.0
1377055,1.0
1377161,1.0
1378354,1.0
1378671,1.0
1378789,1.0
1379542,1.0
1379910,1.0
1380938,1.0
1386308,1.0
1386585,1.0
1387034,1.0
1388372,1.0
1389947,6.0
1390858,1.0
1391599,1.0
1391832,1.0
1392997,1.0
1394067,1.0
1394982,1.0
1397456,1.0
1398727,1.0
1398990,1.0
1399714,1.0
1404152,1.0
1404663,1.0
1408234,1.0
1408584,1.0
1408628,1.0
1409784,1.0
1411743,1.0
1416294,1.0
1416626,1.0
1416647,1.0
1420930,1.0
1421402,1.0
1425152,1.0
1425257,1.0
1427532,1.0
1428242,1.0
1429475,1.0
1431464,1.0
1432234,1.0
1433178,1.0
1435895,1.0
1435991,1.0
1436202,1.0
1436758,1.0
1438738,1.0
1440054,1.0
1440404,1.0
1443074,1.0
1445126,1.0
1446422,1.0
1447111,1.0
1447360,1.0
1447437,1.0
1451109,1.0
1451452,1.0
1451688,1.0
1451707,1.0
1452289,1.0
1454078,1.0
1454647,1.0
1455224,1.0
1455445,1.0
1455788,1.0
1455886,1.0
1456022,1.0
1457005,1.0
1457602,1.0
1460031,1.0
1460500,1.0
1461069,1.0
1463839,1.0
1464839,1.0
1465687,3.0
1465935,1.0
1468119,1.0
1470595,1.0
1472423,2.0
1474397,1.0
1475836,1.0
1476025,1.0
1478504,1.0
1479277,2.0
1480203,1.0
1482099,1.0
1482226,1.0
1483163,1.0
1483497,1.0
1483839,1.0
1484063,1.0
1484559,1.0
1487961,1.0
1489422,1.0
1490251,1.0
1490845,1.0
1492984,1.0
1494929,1.0
1495335,1.0
1498257,1.0
1498984,1.0
1502300,2.0
1504291,1.0
1506771,1.0
1506874,1.0
1507011,1.0
1507697,1.0
1510708,2.0
1511901,1.0
1513949,1.0
1515464,1.0
1518131,1.0
1518862,1.0
1520355,1.0
1520372,1.0
1520545,1.0
1520661,2.0
1522061,1.0
1523219,2.0
1524024,1.0
1524436,1.0
1524465,2.0
1525343,1.0
1526344,1.0
1528389,2.0
1528499,3.0
1533807,1.0
1536392,1.0
1536480,3.0
1538242,1.0
1538508,2.0
1539001,1.0
1539964,1.0
1540781,1.0
1540946,1.0
1541816,1.0
1547331,1.0
1548491,3.0
1552125,1.0
1552905,1.0
1553105,1.0
1554452,1.0
1555339,1.0
1557568,1.0
1557620,1.0
1558175,1.0
1558929,1.0
1559685,1.0
1559978,1.0
1561892,1.0
1565193,1.0
1565979,1.0
1566822,1.0
1568104,1.0
1569344,1.0
1572832,1.0
1572972,1.0
1572986,1.0
1573961,1.0
1576480,1.0
1577860,1.0
1579062,1.0
1579532,1.0
1580688,1.0
1582298,1.0
1584245,1.0
1584802,1.0
1585315,1.0
1593184,1.0
1595263,1.0
1596252,1.0
1597687,1.0
1598853,1.0
1601122,1.0
1601447,1.0
1602209,1.0
1602753,1.0
1603880,1.0
1604371,1.0
1606251,1.0
1609301,1.0
1610577,1.0
1611413,1.0
1611628,1.0
1612167,1.0
1612595,1.0
1613634,1.0
1614292,1.0
1615727,2.0
1616287,1.0
1617750,1.0
1618164,1.0
1619987,1.0
1620641,4.0
1621058,1.0
1621159,1.0
1622622,1.0
1623970,1.0
1625135,1.0
1625353,1.0
1626373,1.0
1627344,6.0
1628368,1.0
1630566,1.0
1631335,1.0
1631726,1.0
1632029,1.0
1635721,1.0
1637341,2.0
1637762,1.0
1637872,1.0
1638466,1.0
1640866,1.0
1641507,1.0
1642908,1.0
1650080,2.0
1651301,1.0
1651752,1.0
1652171,1.0
1653463,1.0
1655263,1.0
1655346,1.0
1656393,1.0
1658234,1.0
1659667,1.0
1659975,1.0
1660611,1.0
1660660,1.0
1660930,1.0
1665118,1.0
1666074,1.0
1666595,1.0
1668342,1.0
1669112,1.0
1671625,2.0
1676524,1.0
1677439,1.0
1678719,1.0
1679889,1.0
1684088,1.0
1685992,1.0
1686715,1.0
1688380,3.0
1689575,1.0
1691950,1.0
1692372,1.0
1696386,1.0
1697543,1.0
1698867,1.0
1700125,1.0
1700413,1.0
1700982,1.0
1701822,1.0
1701848,1.0
1702438,1.0
1703062,1.0
1703275,1.0
1704106,1.0
1704257,2.0
1705917,1.0
1706882,1.0
1707050,1.0
1707264,1.0
1707983,1.0
1709547,1.0
1714386,1.0
1714846,1.0
1715485,1.0
1716647,1.0
1717083,1.0
1719260,1.0
1722640,1.0
1722895,1.0
1723244,1.0
1723913,1.0
1725835,2.0
1726772,1.0
1731900,1.0
1734453,1.0
1735923,1.0
1736230,1.0
1736354,1.0
1736861,1.0
1737216,1.0
1737764,1.0
1738094,1.0
1738635,1.0
1743060,1.0
1745681,1.0
1748426,1.0
1749227,1.0
1750256,1.0
1750819,2.0
1751640,1.0
1753862,1.0
1756133,1.0
1757105,1.0
1757352,1.0
1758354,2.0
1763345,1.0
1763733,1.0
1763902,1.0
1764847,1.0
1765200,1.0
1766063,1.0
1769884,1.0
1771742,1.0
1772983,1.0
1774644,1.0
1774973,1.0
1775517,1.0
1775599,1.0
1777418,1.0
1782099,1.0
1782110,2.0
1782421,1.0
1783091,1.0
1783445,1.0
1783694,1.0
1786186,1.0
1786408,1.0
1789032,1.0
1790129,1.0
1791985,1.0
1793312,1.0
1794372,5.0
1794465,1.0
1798115,1.0
1798458,1.0
1798530,1.0
1799404,1.0
1799473,1.0
1799936,1.0
1800618,1.0
1800619,1.0
1800969,1.0
1802456,1.0
1806858,1.0
1807124,3.0
1807458,1.0
1808250,1.0
1809974,1.0
1810543,1.0
1813617,1.0
1814279,1.0
1815637,1.0
1815688,1.0
1815800,1.0
1817647,1.0
1818166,1.0
1819643,1.0
1823966,1.0
1824581,1.0
1826512,1.0
1828217,1.0
1828505,1.0
1830502,1.0
1830878,4.0
1833594,1.0
1834642,1.0
1834810,2.0
1837475,1.0
1837800,1.0
1839394,1.0
1840149,1.0
1840764,1.0
1842244,1.0
1842526,1.0
1845215,1.0
1846170,1.0
1850687,1.0
1852583,1.0
1854373,1.0
1856550,2.0
1859204,2.0
1859953,2.0
1863607,1.0
1863662,1.0
1865705,1.0
1865953,1.0
1866332,1.0
1866517,1.0
1868234,1.0
1869394,1.0
1870042,1.0
1870297,1.0
1872069,1.0
1872350,1.0
1876309,1.0
1877586,1.0
1877898,1.0
1878341,1.0
1879090,1.0
1883385,1.0
1884064,1.0
1884177,1.0
1886298,1.0
1886420,1.0
1887279,1.0
1887692,1.0
1888324,1.0
1888588,1.0
1889041,1.0
1889724,1.0
1889868,1.0
1892030,1.0
1894705,1.0
1895843,1.0
1896067,1.0
1897052,1.0
1898002,1.0
1900997,1.0
1901364,1.0
1902465,1.0
1903700,1.0
1905340,1.0
1906405,1.0
1906542,1.0
1906735,3.0
1907097,1.0
1910751,1.0
1911932,1.0
1913307,1.0
1914764,1.0
1915448,1.0
1918478,1.0
1918701,1.0
1918834,1.0
1920139,4.0
1924184,1.0
1924213,1.0
1924718,1.0
1924843,2.0
1928067,1.0
1928952,1.0
1929312,1.0
1929483,1.0
1931358,1.0
1931446,1.0
1932371,1.0
1932875,1.0
1933728,1.0
1934381,1.0
1935137,1.0
1937832,1.0
1939210,1.0
1939769,1.0
1939893,2.0
1940056,1.0
1940128,1.0
1943456,1.0
1943512,1.0
1944968,1.0
1946907,1.0
1947095,1.0
1951196,2.0
1953217,2.0
1953471,1.0
1953823,1.0
1955960,1.0
1957163,1.0
1957333,1.0
1959522,1.0
1960352,1.0
1961896,1.0
1964152,1.0
1965133,1.0
1965584,1.0
1965971,1.0
1966141,1.0
1967479,2.0
1967756,1.0
1967827,1.0
1969004,1.0
1969522,1.0
1970228,1.0
1970653,1.0
1971240,1.0
1971620,1.0
1972062,1.0
1974456,1.0
1974644,1.0
1978857,1.0
1982528,1.0
1986184,1.0
1986985,1.0
1989632,1.0
1990076,1.0
1991122,1.0
1992921,1.0
1994706,1.0
1994807,1.0
1994930,1.0
1995923,1.0
1996869,1.0
1997704,1.0
1998359,1.0
1999572,1.0
2000867,1.0
2001315,1.0
2004745,1.0
2005204,1.0
2005871,2.0
2006870,1.0
2007877,1.0
2009486,1.0
2009877,1.0
2010923,1.0
2013849,1.0
2014031,1.0
2014572,1.0
2016237,1.0
2016617,1.0
2019633,1.0
2020080,1.0
2020407,1.0
2020591,1.0
2020619,1.0
2020948,1.0
2021387,1.0
2023936,1.0
2024671,1.0
2024748,3.0
2026010,1.0
2028139,2.0
2030438,1.0
2031277,1.0
2032404,1.0
2035049,1.0
2036059,1.0
2038327,1.0
2038629,1.0
2038723,1.0
2039490,1.0
2040546,1.0
2041008,1.0
2042058,2.0
2044179,1.0
2045360,1.0
2045448,1.0
2045505,1.0
2048963,1.0
2049950,1.0
2050656,1.0
2052047,1.0
2052404,1.0
2052587,1.0
2055480,1.0
2056277,1.0
2057862,1.0
2061742,1.0
2063183,1.0
2063231,1.0
2063237,1.0
2065620,1.0
2065899,1.0
2066899,1.0
2069385,2.0
2070306,1.0
2072340,1.0
2075734,1.0
2076242,1.0
2078155,2.0
2078219,1.0
2080168,1.0
2081684,1.0
2082594,1.0
2082835,1.0
2082949,2.0
2083467,1.0
2084669,1.0
2084753,1.0
2085147,1.0
2088325,1.0
2089365,1.0
2090992,1.0
2091305,1.0
2092460,1.0
2094049,1.0
2098324,1.0
2099369,1.0
2099542,1.0
2099595,1.0
2099942,1.0
2101944,1.0
2103984,1.0
2106162,4.0
2107833,1.0
2107867,1.0
2111816,1.0
2112472,1.0
2113202,1.0
2113351,1.0
2114427,1.0
2114763,1.0
2115134,1.0
2119932,1.0
2122500,1.0
2122795,16.0
2122925,1.0
2130473,1.0
2130819,2.0
2130886,1.0
2131111,1.0
2131234,1.0
2131979,1.0
2132340,1.0
2133649,1.0
2134689,1.0
2135978,1.0
2138147,1.0
2138618,1.0
2141399,1.0
2142467,1.0
2143076,1.0
2144197,1.0
2144671,1.0
2144700,1.0
2145877,1.0
2145890,1.0
2148726,1.0
2149131,1.0
2150084,1.0
2153053,1.0
2154901,1.0
2155638,2.0
2156876,2.0
2157354,2.0
2157481,2.0
2159523,1.0
2160242,1.0
2160888,1.0
2161170,1.0
2165151,1.0
2165442,1.0
2165534,1.0
2167470,12.0
2168293,1.0
2170759,1.0
2170771,1.0
2175586,1.0
2177350,1.0
2177844,1.0
2179909,2.0
2182818,1.0
2183382,1.0
2186005,1.0
2187138,1.0
2187836,1.0
2189656,1.0
2191085,1.0
2191344,1.0
2191773,1.0
2192508,1.0
2192777,1.0
2196939,1.0
2197294,1.0
2199680,1.0
2199937,1.0
2201959,1.0
2203411,1.0
2203748,1.0
2204637,1.0
2206884,2.0
2207093,1.0
2209172,1.0
2210066,1.0
2210170,1.0
2212735,1.0
2215951,1.0
2217887,1.0
2218460,1.0
2219880,1.0
2221555,1.0
2224877,1.0
2227260,2.0
2228422,1.0
2228869,1.0
2231606,1.0
2232128,1.0
2234715,1.0
2236800,1.0
2237093,1.0
2238256,1.0
2239234,1.0
2239577,1.0
2241420,1.0
2241982,1.0
2242343,1.0
2242372,1.0
2244053,1.0
2247519,1.0
2248833,1.0
2251433,1.0
2251558,1.0
2252229,1.0
2252292,1.0
2254245,1.0
2255525,1.0
2255800,1.0
2261780,1.0
2269253,1.0
2271256,1.0
2271767,2.0
2273538,2.0
2273766,1.0
2273799,1.0
2274125,1.0
2275142,1.0
2275385,1.0
2276772,2.0
2277167,1.0
2279665,1.0
2280452,1.0
2280979,1.0
2285010,1.0
2286255,4.0
2287423,1.0
2289561,1.0
2289613,1.0
2293544,1.0
2295002,1.0
2296164,1.0
2296426,1.0
2299637,2.0
2302313,1.0
2302433,1.0
2303566,1.0
2304312,1.0
2305504,2.0
2306219,1.0
2306422,1.0
2306534,1.0
2309051,7.0
2309176,1.0
2309276,1.0
2310335,1.0
2313456,1.0
2313831,1.0
2313989,1.0
2314248,1.0
2316505,1.0
2316655,1.0
2317177,1.0
2317454,2.0
2317568,1.0
2318746,1.0
2319264,1.0
2320049,1.0
2320503,1.0
2321123,1.0
2321718,2.0
2323380,1.0
2323635,1.0
2323870,1.0
2326151,1.0
2326600,1.0
2329091,1.0
2329394,1.0
2329933,1.0
2331300,1.0
2331741,1.0
2332813,1.0
2335960,1.0
2343235,1.0
2343275,1.0
2345744,1.0
2346645,1.0
2348188,1.0
2349996,1.0
2350793,1.0
2350806,2.0
2351201,1.0
2352822,1.0
2352934,2.0
2354284,1.0
2356372,1.0
2357346,1.0
2358549,1.0
2359083,1.0
2366568,3.0
2367831,1.0
2368277,1.0
2368604,1.0
2369391,1.0
2369511,1.0
2370159,1.0
2370920,1.0
2372207,1.0
2372554,1.0
2373760,1.0
2374595,1.0
2374620,1.0
2376664,1.0
2381716,1.0
2382729,1.0
2382853,1.0
2383587,1.0
2389170,1.0
2389188,1.0
2390905,1.0
2393118,1.0
2393843,1.0
2394048,1.0
2395003,1.0
2398189,1.0
2399154,1.0
2401707,1.0
2402339,1.0
2403069,1.0
2409037,2.0
2409776,4.0
2411860,1.0
2412524,1.0
2412700,1.0
2412889,1.0
2413518,1.0
2415010,1.0
2415832,1.0
2418495,1.0
2418909,1.0
2420499,1.0
2426471,2.0
2426509,1.0
2427734,1.0
2428760,1.0
2430429,1.0
2430839,2.0
2434281,1.0
2435194,2.0
2435583,1.0
2437967,1.0
2438236,1.0
2438625,1.0
2440070,1.0
2440404,1.0
2441524,1.0
2442153,1.0
2442830,1.0
2443881,1.0
2444259,1.0
2444593,1.0
2447392,1.0
2448137,1.0
2449013,1.0
2450233,1.0
2450730,1.0
2451767,1.0
2451777,1.0
2452563,1.0
2452717,1.0
2455046,1.0
2456152,1.0
2456711,1.0
2458031,1.0
2459431,1.0
2460330,1.0
2461764,1.0
2463575,1.0
2463789,1.0
2466211,1.0
2471234,1.0
2473994,1.0
2474181,1.0
2475406,1.0
2475516,1.0
2476175,1.0
2476959,1.0
2477439,1.0
2477694,3.0
2478580,3.0
2480490,1.0
2481721,1.0
2487504,1.0
2489595,1.0
2492086,1.0
2492367,1.0
2493141,1.0
2494590,4.0
2494745,1.0
2495982,1.0
2496768,1.0
2498955,3.0
2499112,1.0
2499645,1.0
2499852,1.0
2500179,1.0
2501157,1.0
2502024,1.0
2502109,1.0
2502287,1.0
2502779,1.0
2503093,2.0
2503392,1.0
2504067,1.0
2504170,1.0
2504394,1.0
2507394,1.0
2508144,1.0
2508925,1.0
2509560,1.0
2509617,2.0
2510558,1.0
2510883,1.0
2512697,1.0
2513227,1.0
2513529,1.0
2513836,1.0
2514119,1.0
2514249,24.0
2517848,1.0
2517868,1.0
2518921,1.0
2520639,1.0
2523793,1.0
2526280,1.0
2526459,1.0
2526664,1.0
2526762,1.0
2526921,1.0
2529037,1.0
2530571,1.0
2532005,1.0
2534667,1.0
2535761,1.0
2537613,1.0
2537985,1.0
2538303,1.0
2539361,1.0
2541197,1.0
2541410,1.0
2544053,1.0
2544686,1.0
2545348,1.0
2545452,1.0
2545542,1.0
2545800,1.0
2548103,1.0
2548266,1.0
2548713,1.0
2549072,1.0
2549127,1.0
2550442,1.0
2552522,1.0
2553410,1.0
2553793,2.0
2556451,1.0
2558608,1.0
2559669,1.0
2560206,1.0
2560285,1.0
2560682,1.0
2560801,1.0
2562407,1.0
2564863,1.0
2567016,1.0
2570544,1.0
2571505,1.0
2571895,1.0
2572543,1.0
2572738,1.0
2572763,1.0
2573013,1.0
2574547,1.0
2574818,1.0
2575544,2.0
2576125,1.0
2576748,1.0
2579282,1.0
2580304,1.0
2583701,1.0
2586765,1.0
2590251,1.0
2591060,1.0
2593666,1.0
2599568,1.0
2601584,1.0
2607089,1.0
2607436,1.0
2607561,2.0
2608520,1.0
2608705,1.0
2609837,3.0
2611220,1.0
2612237,1.0
2612683,1.0
2614298,1.0
2614350,1.0
2614784,1.0
2614991,1.0
2615526,1.0
2616591,1.0
2625311,1.0
2626446,1.0
2627016,1.0
2630761,1.0
2631603,4.0
2631897,1.0
2632771,1.0
2632998,1.0
2633547,1.0
2636464,1.0
2636677,-1.0
2636892,1.0
2637593,1.0
2639351,1.0
2639382,1.0
2640052,1.0
2640623,1.0
2641648,1.0
2642421,1.0
2642754,1.0
2644303,1.0
2645844,1.0
2648024,2.0
2648945,1.0
2649324,1.0
2654280,1.0
2654609,1.0
2655680,1.0
2657006,1.0
2657327,1.0
2657581,1.0
2657692,1.0
2658917,1.0
2659145,1.0
2659456,1.0
2662142,1.0
2662392,1.0
2662699,1.0
2667142,1.0
2667453,1.0
2668328,1.0
2668722,1.0
2668858,1.0
2670311,1.0
2670347,1.0
2671056,1.0
2671731,1.0
2674985,1.0
2675083,1.0
2676227,1.0
2677774,1.0
2678017,1.0
2678032,1.0
2678488,1.0
2681308,1.0
2681743,1.0
2684583,1.0
2685008,1.0
2686984,2.0
2689105,1.0
2689252,1.0
2689513,1.0
2692344,1.0
2693196,1.0
2694559,1.0
2695551,1.0
2695810,1.0
2695970,4.0
2698847,1.0
2700053,1.0
2701190,1.0
2703157,1.0
2706212,1.0
2707286,1.0
2708422,1.0
2709086,1.0
2711950,1.0
2713021,1.0
2713493,1.0
2713863,1.0
2713966,1.0
2714084,1.0
2714143,1.0
2715981,1.0
2716746,1.0
2718347,1.0
2718390,1.0
2718994,1.0
2723624,1.0
2724360,1.0
2724382,1.0
2727461,1.0
2729863,1.0
2731519,1.0
2731908,1.0
2732488,1.0
2733727,2.0
2736150,1.0
2737346,1.0
2737374,1.0
2738286,1.0
2741153,1.0
2743961,1.0
2744290,1.0
2745513,1.0
2745569,1.0
2746936,3.0
2747056,1.0
2747387,1.0
2748340,1.0
2749024,1.0
2749323,1.0
2750887,2.0
2751080,1.0
2752067,1.0
2752947,1.0
2753352,1.0
2754065,1.0
2757716,1.0
2758307,1.0
2759028,1.0
2759081,1.0
2760336,1.0
2762611,1.0
2763932,1.0
2764123,2.0
2766087,1.0
2766677,1.0
2769287,1.0
2771115,1.0
2771136,1.0
2771318,1.0
2771789,1.0
2774423,1.0
2775967,1.0
2776158,1.0
2776361,1.0
2776492,1.0
2776504,1.0
2777510,1.0
2777746,2.0
2780467,1.0
2782407,1.0
2785684,1.0
2786843,2.0
2788320,1.0
2790290,1.0
2790735,1.0
2791467,1.0
2792246,1.0
2792846,1.0
2793806,1.0
2793807,1.0
2794002,1.0
2794327,1.0
2794344,1.0
2794474,1.0
2795951,1.0
2796826,1.0
2797256,1.0
2797282,1.0
2799571,1.0
2799977,1.0
2802255,1.0
2802298,1.0
2805058,2.0
2805226,1.0
2805473,1.0
2808942,1.0
2809089,1.0
2811086,2.0
2813047,1.0
2813299,1.0
2813489,1.0
2813970,1.0
2818755,1.0
2822032,2.0
2822616,1.0
2823057,1.0
2824403,1.0
2825681,1.0
2825853,1.0
2831232,2.0
2831928,1.0
2834504,3.0
2835596,2.0
2838227,1.0
2838492,1.0
2840262,1.0
2840574,1.0
2841841,1.0
2843190,1.0
2843393,1.0
2845169,1.0
2846695,1.0
2849491,1.0
2849809,1.0
2849850,1.0
2851006,1.0
2851640,1.0
2853531,12.0
2857172,1.0
2858399,1.0
2861508,1.0
2861692,1.0
2863091,1.0
2863165,1.0
2864252,1.0
2866311,1.0
2869405,1.0
2869749,2.0
2869979,1.0
2870601,1.0
2873542,1.0
2875909,1.0
2876246,1.0
2877700,5.0
2877791,1.0
2877972,1.0
2878256,1.0
2878457,1.0
2881526,1.0
2882167,1.0
2884221,1.0
2891194,1.0
2891328,1.0
2891377,1.0
2892803,2.0
2895990,1.0
2896691,1.0
2897942,1.0
2900221,1.0
2901007,2.0
2901390,1.0
2902995,1.0
2903170,1.0
2907440,1.0
2907916,1.0
2908353,1.0
2909160,1.0
2909698,1.0
2911084,1.0
2911477,2.0
2911869,2.0
2913471,1.0
2913575,1.0
2913869,1.0
2917449,1.0
2919684,1.0
2922007,1.0
2922430,1.0
2923402,1.0
2923654,1.0
2925097,1.0
2928197,1.0
2929377,1.0
2929664,1.0
2930927,1.0
2930947,1.0
2934494,1.0
